codigo_producto,descripcion_art,bodega,segmento,linea_comercial,categoria,criterio_faltante
14605,TERMIDOR 2021 TINTO 12X1L,Vinos de Mesa,Vinos de Mesa,Termidor Brik,Vinos de Mesa,Categoria no es 'Vinos del año'; validar contra Tags Gescom
14516,TERMIDOR EDGE ABOCADO 12X1L,Vinos de Mesa,Vinos de Mesa,Termidor Brik,Vinos de Mesa,Categoria no es 'Vinos del año'; validar contra Tags Gescom
14606,TERMIDOR 2021 BLANCO 12X1L,Vinos de Mesa,Vinos de Mesa,Termidor Brik,Vinos de Mesa,Categoria no es 'Vinos del año'; validar contra Tags Gescom
14578,TERMIDOR BLANCO DULCE 12x1000,Vinos de Mesa,Vinos de Mesa,Termidor Brik,Vinos de Mesa,Categoria no es 'Vinos del año'; validar contra Tags Gescom
14583,FRIZZE EVOL BLUE NEW 6X1000,Frizze,RTD,Frizze,RTD,Categoria no es 'Vinos del año'; validar contra Tags Gescom
14619,FRIZZE BUBBLE MOOD 6X1000,Frizze,RTD,Frizze,RTD,Categoria no es 'Vinos del año'; validar contra Tags Gescom
14594,FRIZZE BLUE LATA NEW 4X6X473,Frizze,RTD,Frizze,RTD,Categoria no es 'Vinos del año'; validar contra Tags Gescom
74750,TR TESORO MALBEC 6X750,Trapiche,Premium,Tesoro,Vinos de guarda,Categoria no es 'Vinos del año'; validar contra Tags Gescom
51943,LA MASCOTA MALBEC 6X750,Mascota Vineyards,Premium,La Mascota,Vinos de guarda,Categoria no es 'Vinos del año'; validar contra Tags Gescom
51945,LA MASCOTA CAB.SAUV 6X750,Mascota Vineyards,Premium,La Mascota,Vinos de guarda,Categoria no es 'Vinos del año'; validar contra Tags Gescom
51946,LA MASCOTA CHARDONNAY 6X750,Mascota Vineyards,Premium,La Mascota,Vinos de guarda,Categoria no es 'Vinos del año'; validar contra Tags Gescom
54017,LA MASCOTA ROSE 6X750,Mascota Vineyards,Premium,La Mascota,Vinos de guarda,Categoria no es 'Vinos del año'; validar contra Tags Gescom
74376,PAZ DE FLM MALBEC 6X750,Finca Las Moras,Premium,Paz de Finca las Moras,Vinos de guarda,Categoria no es 'Vinos del año'; validar contra Tags Gescom
74377,PAZ DE FLM CABS/CABF 6X750,Finca Las Moras,Premium,Paz de Finca las Moras,Vinos de guarda,Categoria no es 'Vinos del año'; validar contra Tags Gescom
74378,PAZ DE FLM SYRAH 6X750,Finca Las Moras,Premium,Paz de Finca las Moras,Vinos de guarda,Categoria no es 'Vinos del año'; validar contra Tags Gescom
74402,PAZ DE FLM SAUV BLANC 6X750,Finca Las Moras,Premium,Paz de Finca las Moras,Vinos de guarda,Categoria no es 'Vinos del año'; validar contra Tags Gescom
72867,FOND CAVE RVA MALBEC 6X750,Trapiche,Premium,Fond de Cave Reserva,Vinos de guarda,Categoria no es 'Vinos del año'; validar contra Tags Gescom
74053,FOND CAVE RVA COS TARDIA 6X500,Trapiche,Premium,Fond de Cave Reserva,Vinos de guarda,Categoria no es 'Vinos del año'; validar contra Tags Gescom
74117,FOND CAVE RVA CAB.FRANC 6X750,Trapiche,Premium,Fond de Cave Reserva,Vinos de guarda,Categoria no es 'Vinos del año'; validar contra Tags Gescom
74118,FOND CAVE RVA PET.VERDOT 6X750,Trapiche,Premium,Fond de Cave Reserva,Vinos de guarda,Categoria no es 'Vinos del año'; validar contra Tags Gescom
74140,FOND CAVE RVA SAUVIGNON 6X750,Trapiche,Premium,Fond de Cave Reserva,Vinos de guarda,Categoria no es 'Vinos del año'; validar contra Tags Gescom
74144,FOND CAVE RVA CABSAU 6X750,Trapiche,Premium,Fond de Cave Reserva,Vinos de guarda,Categoria no es 'Vinos del año'; validar contra Tags Gescom
74414,FOND DE CAVE RVA ENCABEZADO 6X500,Trapiche,Premium,Fond de Cave Reserva,Vinos de guarda,Categoria no es 'Vinos del año'; validar contra Tags Gescom
74443,FOND CAVE RVA CHARDONNAY 6X750,Trapiche,Premium,Fond de Cave Reserva,Vinos de guarda,Categoria no es 'Vinos del año'; validar contra Tags Gescom
44296,DON DAVID RESERVA MALBEC 6x750,El Esteco,Premium,Don David Rva,Vinos de guarda,Categoria no es 'Vinos del año'; validar contra Tags Gescom
44297,DON DAVID RESERVA CABERNET 6x750,El Esteco,Premium,Don David Rva,Vinos de guarda,Categoria no es 'Vinos del año'; validar contra Tags Gescom
44326,DON DAVID RVA MLB-TANNAT 6X750,El Esteco,Premium,Don David Rva,Vinos de guarda,Categoria no es 'Vinos del año'; validar contra Tags Gescom
44360,DON DAVID RVA SAUV.BLANC 6X750,El Esteco,Premium,Don David Rva,Vinos de guarda,Categoria no es 'Vinos del año'; validar contra Tags Gescom
80030,NC RESERVA CAB SAUV 6X750,Navarro Correas,Premium,NC Reserva,Vinos de guarda,Categoria no es 'Vinos del año'; validar contra Tags Gescom
80031,NC RESERVA CHARD 6X750,Navarro Correas,Premium,NC Reserva,Vinos de guarda,Categoria no es 'Vinos del año'; validar contra Tags Gescom
80032,NC RESERVA MALBEC 6X750,Navarro Correas,Premium,NC Reserva,Vinos de guarda,Categoria no es 'Vinos del año'; validar contra Tags Gescom
74555,TRAPICHE PURO MALBEC 6X750 ,Trapiche,Premium,Puro-Impuro,Vinos de guarda,Categoria no es 'Vinos del año'; validar contra Tags Gescom
74556,TRAPICHE IMPURO MALBEC 6X750 ,Trapiche,Premium,Puro-Impuro,Vinos de guarda,Categoria no es 'Vinos del año'; validar contra Tags Gescom
74662,TRAPICHE PURO ROSE 6X750,Trapiche,Premium,Puro-Impuro,Vinos de guarda,Categoria no es 'Vinos del año'; validar contra Tags Gescom
74663,TRAPICHE PURO CAB SAUV 6X750,Trapiche,Premium,Puro-Impuro,Vinos de guarda,Categoria no es 'Vinos del año'; validar contra Tags Gescom
74664,TRAPICHE IMPURO CAB SAUV 6X750,Trapiche,Premium,Puro-Impuro,Vinos de guarda,Categoria no es 'Vinos del año'; validar contra Tags Gescom
74570,LOS INTOCABLES MALBEC 6X750 ,Finca Las Moras,Premium,Los Intocables,Vinos de guarda,Categoria no es 'Vinos del año'; validar contra Tags Gescom
74749,INTOCABLES DOUBLE OAK 6x750,Finca Las Moras,Premium,Los Intocables,Vinos de guarda,Categoria no es 'Vinos del año'; validar contra Tags Gescom
74583,LOS INTOCABLES CAB.SAUV 6X750,Finca Las Moras,Premium,Los Intocables,Vinos de guarda,Categoria no es 'Vinos del año'; validar contra Tags Gescom
74651,LOS INTOCABLES CHARD 6X750,Finca Las Moras,Premium,Los Intocables,Vinos de guarda,Categoria no es 'Vinos del año'; validar contra Tags Gescom
74684,LOS INTOCABLES RED BLEND 6X750,Finca Las Moras,Premium,Los Intocables,Vinos de guarda,Categoria no es 'Vinos del año'; validar contra Tags Gescom
74715,LOS INTOCABLES RUM BLEND 6X750,Finca Las Moras,Premium,Los Intocables,Vinos de guarda,Categoria no es 'Vinos del año'; validar contra Tags Gescom
44367,BLEND DE EXTREMOS MB EE 6X750 (44367),El Esteco,Premium,Blend de Extremos,Vinos de guarda,Categoria no es 'Vinos del año'; validar contra Tags Gescom
44396,BLEND DE EXTREMOS PN PN 6X750,El Esteco,Premium,Blend de Extremos,Vinos de guarda,Categoria no es 'Vinos del año'; validar contra Tags Gescom
44368,BLEND DE EXTREMOS CB EE 6X750 (44368),El Esteco,Premium,Blend de Extremos,Vinos de guarda,Categoria no es 'Vinos del año'; validar contra Tags Gescom
44372,BLEND DE EXTREMOS TOR-TOR6X750 (44372),El Esteco,Premium,Blend de Extremos,Vinos de guarda,Categoria no es 'Vinos del año'; validar contra Tags Gescom
44373,BLEND DE EXTREMOS MB-MLT 6X750 (44373),El Esteco,Premium,Blend de Extremos,Vinos de guarda,Categoria no es 'Vinos del año'; validar contra Tags Gescom
54019,LA MASCOTA CABER FRANC 6X750,Mascota Vineyards,Premium,La Mascota,Vinos de guarda,Categoria no es 'Vinos del año'; validar contra Tags Gescom
70343,MEDALLA TTO 6X750,Trapiche,Super Premium,Medalla,Vinos de guarda,Categoria no es 'Vinos del año'; validar contra Tags Gescom
74520,MEDALLA MALBEC 6X750,Trapiche,Super Premium,Medalla,Vinos de guarda,Categoria no es 'Vinos del año'; validar contra Tags Gescom
74521,MEDALLA CABERNET SAUV. 6X750,Trapiche,Super Premium,Medalla,Vinos de guarda,Categoria no es 'Vinos del año'; validar contra Tags Gescom
74522,MEDALLA CHARDONNAY 6X750,Trapiche,Super Premium,Medalla,Vinos de guarda,Categoria no es 'Vinos del año'; validar contra Tags Gescom
74246,FOND CAVE G.RVA CABSAU 6X750,Trapiche,Super Premium,Fond de Cave Gran Reserva,Vinos de guarda,Categoria no es 'Vinos del año'; validar contra Tags Gescom
74248,FOND CAVE G.RVA MALBEC 6X750,Trapiche,Super Premium,Fond de Cave Gran Reserva,Vinos de guarda,Categoria no es 'Vinos del año'; validar contra Tags Gescom
74413,FOND CAVE G.RVA BLEND 6X750,Trapiche,Super Premium,Fond de Cave Gran Reserva,Vinos de guarda,Categoria no es 'Vinos del año'; validar contra Tags Gescom
54011,GRAN MASCOTA MALBEC,Mascota Vineyards,Super Premium,Gran Mascota,Vinos de guarda,Categoria no es 'Vinos del año'; validar contra Tags Gescom
54015,GRAN MASCOTA CAB SAUV 6X750,Mascota Vineyards,Super Premium,Gran Mascota,Vinos de guarda,Categoria no es 'Vinos del año'; validar contra Tags Gescom
44288,El Esteco Malbec 6x750,El Esteco,Super Premium,El Esteco,Vinos de guarda,Categoria no es 'Vinos del año'; validar contra Tags Gescom
44289,El Esteco Cabernet Sauvignon 6x750,El Esteco,Super Premium,El Esteco,Vinos de guarda,Categoria no es 'Vinos del año'; validar contra Tags Gescom
44354,EL ESTECO BLANC DE BLANCS 4X750,El Esteco,Super Premium,El Esteco,Vinos de guarda,Categoria no es 'Vinos del año'; validar contra Tags Gescom
44355,EL ESTECO BLANC DE NOIR 4X750,El Esteco,Super Premium,El Esteco,Vinos de guarda,Categoria no es 'Vinos del año'; validar contra Tags Gescom
44357,EL ESTECO TARDÍO TORRONTÉS 6X500,El Esteco,Super Premium,El Esteco,Vinos de guarda,Categoria no es 'Vinos del año'; validar contra Tags Gescom
80034,ALEGORIA CAB SAUV 09 6X750,Navarro Correas,Super Premium,Alegoria,Vinos de guarda,Categoria no es 'Vinos del año'; validar contra Tags Gescom
80036,ALEGORIA CHARDY 6X750,Navarro Correas,Super Premium,Alegoria,Vinos de guarda,Categoria no es 'Vinos del año'; validar contra Tags Gescom
80037,ALEGORIA MALBEC 6X750,Navarro Correas,Super Premium,Alegoria,Vinos de guarda,Categoria no es 'Vinos del año'; validar contra Tags Gescom
44320,E.E. OLD VINES MALBEC 6X750,El Esteco,Super Premium,El Esteco Old Vines,Vinos de guarda,Categoria no es 'Vinos del año'; validar contra Tags Gescom
44321,E.E. OLD VINES CAB.SAUV. 6X750,El Esteco,Super Premium,El Esteco Old Vines,Vinos de guarda,Categoria no es 'Vinos del año'; validar contra Tags Gescom
44322,E.E. OLD VINES CRIOLLA 6X750,El Esteco,Super Premium,El Esteco Old Vines,Vinos de guarda,Categoria no es 'Vinos del año'; validar contra Tags Gescom
44323,E.E. OLD VINES TORRONTES 6X750,El Esteco,Super Premium,El Esteco Old Vines,Vinos de guarda,Categoria no es 'Vinos del año'; validar contra Tags Gescom
74025,MORA NEGRA MAL-SYR 6X750,Finca Las Moras,Ultra Premium,Mora Negra,Vinos de guarda,Categoria no es 'Vinos del año'; validar contra Tags Gescom
41080,F.NOTAB CAB.SAUV 6X750,El Esteco,Ultra Premium,Fincas Notables,Vinos de guarda,Categoria no es 'Vinos del año'; validar contra Tags Gescom
41082,F.NOTAB MALBEC 6X750,El Esteco,Ultra Premium,Fincas Notables,Vinos de guarda,Categoria no es 'Vinos del año'; validar contra Tags Gescom
41084,F.NOTAB TANNAT 6X750,El Esteco,Ultra Premium,Fincas Notables,Vinos de guarda,Categoria no es 'Vinos del año'; validar contra Tags Gescom
44307,F.NOTAB CABERNET FRANC 6X750,El Esteco,Ultra Premium,Fincas Notables,Vinos de guarda,Categoria no es 'Vinos del año'; validar contra Tags Gescom
44358,FINCAS NOTABLES MERLOT 6X750,El Esteco,Ultra Premium,Fincas Notables,Vinos de guarda,Categoria no es 'Vinos del año'; validar contra Tags Gescom
54022,UNANIME TINTO 6X750 15,Mascota Vineyards,Ultra Premium,Unánime,Vinos de guarda,Categoria no es 'Vinos del año'; validar contra Tags Gescom
54040,UNANIME MALBEC 6X750,Mascota Vineyards,Ultra Premium,Unánime,Vinos de guarda,Categoria no es 'Vinos del año'; validar contra Tags Gescom
74054,GRAN MEDALLA MALBEC 6X750,Trapiche,Ultra Premium,Gran Medalla,Vinos de guarda,Categoria no es 'Vinos del año'; validar contra Tags Gescom
74238,GRAN MEDALLA CABSAU 6X750,Trapiche,Ultra Premium,Gran Medalla,Vinos de guarda,Categoria no es 'Vinos del año'; validar contra Tags Gescom
74656,GRAN MEDALLA CABFRAN 6X750,Trapiche,Ultra Premium,Gran Medalla,Vinos de guarda,Categoria no es 'Vinos del año'; validar contra Tags Gescom
74658,GRAN MEDALLA P. NOIR 6X750 ,Trapiche,Ultra Premium,Gran Medalla,Vinos de guarda,Categoria no es 'Vinos del año'; validar contra Tags Gescom
74170,F.LAS MORAS GRAN SYRAH 6X750,Finca Las Moras,Ultra Premium,Las Moras Gran Syrah,Vinos de guarda,Categoria no es 'Vinos del año'; validar contra Tags Gescom
20500,SUTER CHAMPAÑA E.BRUT 6X750,Suter,Champaña Medio,Champaña suter,Espumantes,Categoria no es 'Vinos del año'; validar contra Tags Gescom
20505,SUTER CHAMPAÑA EXT.DULCE 6X750,Suter,Champaña Medio,Champaña suter,Espumantes,Categoria no es 'Vinos del año'; validar contra Tags Gescom
80093,SAN T SPARK E.BRUT 6X750,San Telmo,Champaña Medio,Champaña San Telmo,Espumantes,Categoria no es 'Vinos del año'; validar contra Tags Gescom
80092,S.TELMO SPARK DULCE 6X750,San Telmo,Champaña Medio,Champaña San Telmo,Espumantes,Categoria no es 'Vinos del año'; validar contra Tags Gescom
54035,LA MASCOTA SPARK BL NOIR 6X750,Mascota Vineyards,Champaña Alta y Premium,Espumante Mascota Vineyards,Espumantes,Categoria no es 'Vinos del año'; validar contra Tags Gescom
74830,DADA SIDRA 6X750,Finca Las Moras,Premium,DADA Sidra,Sidra,Categoria no es 'Vinos del año'; validar contra Tags Gescom
74446,DADA ESPUMANTE 6X750,Finca Las Moras,Champaña Alta y Premium,Champaña Dada,Espumantes,Categoria no es 'Vinos del año'; validar contra Tags Gescom
74813,DADA EXTRA BRUT 6X750,Finca Las Moras,Champaña Alta y Premium,Champaña Dada,Espumantes,Categoria no es 'Vinos del año'; validar contra Tags Gescom
74728,DADA 7 ORANGE BITTER 6x750 ,Finca Las Moras,Champaña Alta y Premium,Champaña Dada,Espumantes,Categoria no es 'Vinos del año'; validar contra Tags Gescom
74473,DADA 7 ESPUMANTE ROS 6X750,Finca Las Moras,Champaña Alta y Premium,Champaña Dada,Espumantes,Categoria no es 'Vinos del año'; validar contra Tags Gescom
74567,DADA ESPUMANTE MARACUYA ,Finca Las Moras,Champaña Alta y Premium,Champaña Dada,Espumantes,Categoria no es 'Vinos del año'; validar contra Tags Gescom
74568,DADA ESPUMANTE CASSIS ,Finca Las Moras,Champaña Alta y Premium,Champaña Dada,Espumantes,Categoria no es 'Vinos del año'; validar contra Tags Gescom
74709,DADA LATA SWEET 4X6X355,Finca Las Moras,Champaña Alta y Premium,Champaña Dada,Espumantes,Categoria no es 'Vinos del año'; validar contra Tags Gescom
74710,DADA LATA SWEET PINK 4X6X355,Finca Las Moras,Champaña Alta y Premium,Champaña Dada,Espumantes,Categoria no es 'Vinos del año'; validar contra Tags Gescom
44365,EL ESTECO CHAMPENOISE 4X750,El Esteco,Champaña Alta y Premium,El Esteco,Espumantes,Categoria no es 'Vinos del año'; validar contra Tags Gescom
74551,COSTA & PAMPA E. BRUT 6X750,Trapiche,Champaña Alta y Premium,Espumante Costa&Pampa,Espumantes,Categoria no es 'Vinos del año'; validar contra Tags Gescom
74552,COSTA & PAMPA B. ROSÉ 6X750,Trapiche,Champaña Alta y Premium,Espumante Costa&Pampa,Espumantes,Categoria no es 'Vinos del año'; validar contra Tags Gescom
80045,SPARK NC BRUT ROSE 6X750 PREM,Navarro Correas,Champaña Alta y Premium,NC Espumantes,Espumantes,Categoria no es 'Vinos del año'; validar contra Tags Gescom
80046,SPARK NC DLCE  6X750,Navarro Correas,Champaña Alta y Premium,NC Espumantes,Espumantes,Categoria no es 'Vinos del año'; validar contra Tags Gescom
80048,SPARK NC EBRUT 6X750 PREM,Navarro Correas,Champaña Alta y Premium,NC Espumantes,Espumantes,Categoria no es 'Vinos del año'; validar contra Tags Gescom
80094,NC SPARK EXTRA BRUT LATA 4X6X355,Navarro Correas,Champaña Alta y Premium,NC Espumantes,Espumantes,Categoria no es 'Vinos del año'; validar contra Tags Gescom
80050,SPARK NC NATURE 6X750 PREM,Navarro Correas,Champaña Alta y Premium,NC Espumantes,Espumantes,Categoria no es 'Vinos del año'; validar contra Tags Gescom
35103,SMIRNOFF ICE LATA 4X6X473 (35103),Diageo,RTD (S),Smirnoff Ice,RTD (S),Categoria no es 'Vinos del año'; validar contra Tags Gescom
35104,SMF ICE GREENAPPLE LAT 4X6X473 (35104),Diageo,RTD (S),Smirnoff Ice Flavours,RTD (S),Categoria no es 'Vinos del año'; validar contra Tags Gescom
35105,SMF ICE RED BERRIE LAT 4X6X473 (35105),Diageo,RTD (S),Smirnoff Ice Flavours,RTD (S),Categoria no es 'Vinos del año'; validar contra Tags Gescom
35107,Gordon´s Tonic 4X6X473 (35107),Diageo,Primary (S),Gordon´s,RTD (S),Categoria no es 'Vinos del año'; validar contra Tags Gescom
35109,SMF BC GRAPEFRUIT &LIME LATA 4X6X473,Diageo,RTD (S),Smirnoff Bitter Citric RTD,RTD (S),Categoria no es 'Vinos del año'; validar contra Tags Gescom
30010,J&B RARE 12X750,Diageo,Standard (S),J&B Rare,Whisky,Categoria no es 'Vinos del año'; validar contra Tags Gescom
30001,JW RED 12X750 UK,Diageo,Standard (S),JW,Whisky,Categoria no es 'Vinos del año'; validar contra Tags Gescom
30002,JW RED 12X1000 UK,Diageo,Standard (S),JW,Whisky,Categoria no es 'Vinos del año'; validar contra Tags Gescom
30019,SMIRNOFF 21 DO 12X700,Diageo,Standard (S),Smirnoff,Vodka,Categoria no es 'Vinos del año'; validar contra Tags Gescom
30020,SMIRNOFF GREEN APPLE DO 6X700,Diageo,Standard (S),Smirnoff,Vodka,Categoria no es 'Vinos del año'; validar contra Tags Gescom
30022,SMIRNOFF RASPBERRY DO 6X700,Diageo,Standard (S),Smirnoff,Vodka,Categoria no es 'Vinos del año'; validar contra Tags Gescom
30065,SMIRNOFF WATERMELON 6X700,Diageo,Standard (S),Smirnoff,Vodka,Categoria no es 'Vinos del año'; validar contra Tags Gescom
30131,SMIRNOFF TROPICAL FRUITS 6X700 (30131),Diageo,Standard (S),Smirnoff,Vodka,Categoria no es 'Vinos del año'; validar contra Tags Gescom
30135,SMIRNOFF TAMARINDO 6X700 (30135),Diageo,Standard (S),Smirnoff Flavors,Vodka,Categoria no es 'Vinos del año'; validar contra Tags Gescom
30023,WHITE HORSE DO 12X750,Diageo,Standard (S),White Horse,Whisky,Categoria no es 'Vinos del año'; validar contra Tags Gescom
30075,GORDON´S GIN 6x700,Diageo,Standard (S),Gordon´s,Gin,Categoria no es 'Vinos del año'; validar contra Tags Gescom
30139,GORDON'S TROPICAL FRUITS 6x700,Diageo,Standard (S),Gordon's Flavors,Gin,Categoria no es 'Vinos del año'; validar contra Tags Gescom
30134,GORDON´S PINK GIN 6x700 (30134),Diageo,Standard (S),Gordon's Flavors,Gin,Categoria no es 'Vinos del año'; validar contra Tags Gescom
30012,BAILEYS NUEVA BOTELLA 12x750,Diageo,Premium (S),Baileys,Licores,Categoria no es 'Vinos del año'; validar contra Tags Gescom
30129,BAILEYS SALTED CARAMEL 12X750,Diageo,Premium (S),Baileys Flavours,Licores,Categoria no es 'Vinos del año'; validar contra Tags Gescom
30003,JW BLACK LABEL 12x750,Diageo,Premium (S),JW,Whisky,Categoria no es 'Vinos del año'; validar contra Tags Gescom
30004,JW BLACK LABEL 12x1000,Diageo,Premium (S),JW,Whisky,Categoria no es 'Vinos del año'; validar contra Tags Gescom
30005,JW DOUBLE BLACK NRC 6X750,Diageo,Premium (S),JW,Whisky,Categoria no es 'Vinos del año'; validar contra Tags Gescom
30016,KETEL ONE 12X750,Diageo,Premium (S),Ketel One,Vodka,Categoria no es 'Vinos del año'; validar contra Tags Gescom
30130,TANQUERAY DRY GIN 6X700,Diageo,Premium (S),Tanqueray,Gin,Categoria no es 'Vinos del año'; validar contra Tags Gescom
30140,TANQUERAY BOSSA NOVA 6X700 (30140),Diageo,Premium (S),Tanqueray Flavours,Gin,Categoria no es 'Vinos del año'; validar contra Tags Gescom
30128,TANQUERAY SEVILLA 6X700,Diageo,Premium (S),TANQUERAY FLAVORS,Gin,Categoria no es 'Vinos del año'; validar contra Tags Gescom
30018,ZACAPA CENTENARIO 23 6x750,Diageo,Premium (S),Zacapa Centenario 23,Ron,Categoria no es 'Vinos del año'; validar contra Tags Gescom
30048,OLD PARR 12YO 12X750,Diageo,Premium (S),Old Parr,Whisky,Categoria no es 'Vinos del año'; validar contra Tags Gescom
30076,BUCHANAN'S DELUXE 12X750,Diageo,Premium (S),Buchanan's,Whisky,Categoria no es 'Vinos del año'; validar contra Tags Gescom
30077,SHERIDAN'S 6X750,Diageo,Premium (S),Sheridan¨s,Licores,Categoria no es 'Vinos del año'; validar contra Tags Gescom
30138,JW GOLD RESERVE 6x750,Diageo,Super Premium (S),JW,Whisky,Categoria no es 'Vinos del año'; validar contra Tags Gescom
30066,J. WALKER 18 6X750,Diageo,Super Premium (S),JW,Whisky,Categoria no es 'Vinos del año'; validar contra Tags Gescom
30029,J. WALKER GREEN 6x750 UK,Diageo,Super Premium (S),JW,Whisky,Categoria no es 'Vinos del año'; validar contra Tags Gescom
30009,J. WALKER BLUE LABEL 6x750 UK,Diageo,Super Premium (S),JW,Whisky,Categoria no es 'Vinos del año'; validar contra Tags Gescom
30054,ZACAPA CENT XO 6X750,Diageo,Super Premium (S),Zacapa Centenario 23,Ron,Categoria no es 'Vinos del año'; validar contra Tags Gescom
30031,MALT CARDHU 12YO 6X700,Diageo,Super Premium (S),Cardhu,Whisky (Maltas),Categoria no es 'Vinos del año'; validar contra Tags Gescom
30087,SINGLETON 12 YO 6X700,Diageo,Super Premium (S),Singleton,Whisky (Maltas),Categoria no es 'Vinos del año'; validar contra Tags Gescom
30088,SINGLETON 15 YO 6X700,Diageo,Super Premium (S),Singleton,Whisky (Maltas),Categoria no es 'Vinos del año'; validar contra Tags Gescom
30089,SINGLETON 18 YO 6X700,Diageo,Super Premium (S),Singleton,Whisky (Maltas),Categoria no es 'Vinos del año'; validar contra Tags Gescom
30032,MALT TALISKER 10YO UK 6X750,Diageo,Super Premium (S),Talisker,Whisky (Maltas),Categoria no es 'Vinos del año'; validar contra Tags Gescom
30033,MALT CAOL ILA 12YO 6X750,Diageo,Super Premium (S),Caol Ila,Whisky (Maltas),Categoria no es 'Vinos del año'; validar contra Tags Gescom
30043,GLEN ELGIN 6X750 ,Diageo,Super Premium (S),Glen Elgin,Whisky (Maltas),Categoria no es 'Vinos del año'; validar contra Tags Gescom
30049,MALT CLYNELISH 14YO 6X750 ,Diageo,Super Premium (S),Clynelish,Whisky (Maltas),Categoria no es 'Vinos del año'; validar contra Tags Gescom
30052,MALT CRAGGANMORE 6X750,Diageo,Super Premium (S),Cragganmore,Whisky (Maltas),Categoria no es 'Vinos del año'; validar contra Tags Gescom
30058,BULLEIT 6x700,Diageo,Premium (S),Bulleit,Bourbon,Categoria no es 'Vinos del año'; validar contra Tags Gescom
30136,BULLEIT 12X750,Diageo,Premium (S),Bulleit,Bourbon,Categoria no es 'Vinos del año'; validar contra Tags Gescom
60001,ANTARES KOLSCH LATA 6X473 (60001),Antares,Cerveza Artesanal,Antares Clasicas,Cerveza Artesanal,Categoria no es 'Vinos del año'; validar contra Tags Gescom
60019,ANTARES IPA SIN ALC LATA 6X473,Antares,Cerveza Artesanal,Antares Clasicas,Cerveza Artesanal,Categoria no es 'Vinos del año'; validar contra Tags Gescom
60018,ANTARES LAGER LATA 6X473,Antares,Cerveza Artesanal,Cerveza Lager,Cerveza Artesanal,Categoria no es 'Vinos del año'; validar contra Tags Gescom
60002,ANTARES SCOTCH LATA 6X473 (60002),Antares,Cerveza Artesanal,Antares Clasicas,Cerveza Artesanal,Categoria no es 'Vinos del año'; validar contra Tags Gescom
60015,ANTARES PLAYA GRANDE LATA6x473 (60015),Antares,Cerveza Artesanal,Antares Clasicas,Cerveza Artesanal,Categoria no es 'Vinos del año'; validar contra Tags Gescom
60020,ANTARES XPA LATA 6x473,Antares,Cerveza Artesanal,Antares Especiales,Cerveza Artesanal,Categoria no es 'Vinos del año'; validar contra Tags Gescom
60017,ANTARES IPA LATA 6X473 (New),Antares,Cerveza Artesanal,Antares Especiales,Cerveza Artesanal,Categoria no es 'Vinos del año'; validar contra Tags Gescom
60007,ANTARES CARAVANA LATA 6X473 (60007),Antares,Cerveza Artesanal,Antares Especiales,Cerveza Artesanal,Categoria no es 'Vinos del año'; validar contra Tags Gescom
60008,ANTARES HONEY LATA 6X473 (60008),Antares,Cerveza Artesanal,Antares Especiales,Cerveza Artesanal,Categoria no es 'Vinos del año'; validar contra Tags Gescom
