detalle_click_ref;categoria_tarjeta;grupo;marca_o_linea;tipo_detalle;origen_dato;filtro_orbit_recomendado;observaciones
CAT_VDA;VDA;Categoría general;VDA;FILTRO_MAESTRO;maestro_productos_activos;categoria_accion = 'VDA' OR categoria = 'VDA' OR linea_comercial = 'VDA';"No hardcodear marcas en tarjeta; obtener marcas/códigos activos desde producto_activos.xlsx o maestro vigente."
CAT_VDG;VDG;Categoría general;VDG;FILTRO_MAESTRO;maestro_productos_activos;categoria_accion = 'VDG' OR categoria = 'VDG' OR linea_comercial = 'VDG';"No hardcodear marcas en tarjeta; obtener marcas/códigos activos desde producto_activos.xlsx o maestro vigente."
CAT_ESPUMANTES;Espumantes;Categoría general;Espumantes;FILTRO_MAESTRO;maestro_productos_activos;categoria_accion = 'Espumantes' OR categoria = 'Espumantes' OR linea_comercial = 'Espumantes';"No hardcodear marcas en tarjeta; obtener marcas/códigos activos desde producto_activos.xlsx o maestro vigente."
CAT_SIDRA;Sidra;Categoría general;Sidra;FILTRO_MAESTRO;maestro_productos_activos;categoria_accion = 'Sidra' OR categoria = 'Sidra' OR linea_comercial = 'Sidra';"No hardcodear marcas en tarjeta; obtener marcas/códigos activos desde producto_activos.xlsx o maestro vigente."
CAT_RTD_DADA_TINTO_VERANO;RTD;Dadá Tinto Verano;Dadá Tinto Verano;PRODUCTO_EXPLICITO;pptx_julio_2026;marca LIKE 'DADÁ%' AND descripcion LIKE '%TINTO%VERANO%';Aplicar 7% según canal/regla.
CAT_RTD_LATAS_GENERAL;RTD (Latas);RTD Latas;Gordons Tonic;PRODUCTO_O_FAMILIA;pptx_julio_2026;"descripcion/marca contiene item; Smirnoff BC debe tomar subregla 15%";"Regla general 5%; BC 15%."
CAT_RTD_LATAS_GENERAL;RTD (Latas);RTD Latas;Smirnoff BC;PRODUCTO_O_FAMILIA;pptx_julio_2026;"descripcion/marca contiene item; Smirnoff BC debe tomar subregla 15%";"Regla general 5%; BC 15%."
CAT_RTD_LATAS_GENERAL;RTD (Latas);RTD Latas;Antares;PRODUCTO_O_FAMILIA;pptx_julio_2026;"descripcion/marca contiene item; Smirnoff BC debe tomar subregla 15%";"Regla general 5%; BC 15%."
CAT_RTD_LATAS_GENERAL;RTD (Latas);Subregla BC;BC 1 pack o más -> 15%;SUBREGLA;pptx_julio_2026;SKU/familia BC;Priorizar por prioridad_motor 55 sobre RTD Latas general.
CAT_SPIRITS_CERVEZA_NO_IMPORTADOS_PREMIUM_ULTRA;Spirits y Cerveza;Regla general;Todos menos importados premium y ultra premium;FILTRO_EXCLUSION;pptx_julio_2026;categoria IN ('SPIRITS','CERVEZA') AND segmento NOT IN ('IMPORTADOS PREMIUM','ULTRA PREMIUM');No aplicar a importados premium ni ultra premium.
CAT_SPIRITS_SMIRNOFF_GORDONS;Spirits;Familia;Familia Smirnoff;FAMILIA;pptx_julio_2026;familia = 'Smirnoff' OR marca LIKE '%Smirnoff%';Usado en VTK/TDB, Planes AASS, Petit Mayoristas y 5+1.
CAT_SPIRITS_SMIRNOFF_GORDONS;Spirits;Familia;Familia Gordons;FAMILIA;pptx_julio_2026;familia = 'Gordons' OR marca LIKE '%Gordons%';Usado en VTK/TDB, Planes AASS, Petit Mayoristas y 5+1.
CAT_INNOVACIONES_JULIO_2026;Innovaciones;Innovaciones julio 2026;Cazador;PRODUCTO_EXPLICITO;pptx_julio_2026;descripcion/marca coincide con 'Cazador';Lista cerrada del PPTX julio.
CAT_INNOVACIONES_JULIO_2026;Innovaciones;Innovaciones julio 2026;Bautismo Cabernet;PRODUCTO_EXPLICITO;pptx_julio_2026;descripcion/marca coincide con 'Bautismo Cabernet';Lista cerrada del PPTX julio.
CAT_INNOVACIONES_JULIO_2026;Innovaciones;Innovaciones julio 2026;Alma Mora Low;PRODUCTO_EXPLICITO;pptx_julio_2026;descripcion/marca coincide con 'Alma Mora Low';Lista cerrada del PPTX julio.
CAT_INNOVACIONES_JULIO_2026;Innovaciones;Innovaciones julio 2026;Alaris Dulce Cosecha Tinto;PRODUCTO_EXPLICITO;pptx_julio_2026;descripcion/marca coincide con 'Alaris Dulce Cosecha Tinto';Lista cerrada del PPTX julio.
CAT_INNOVACIONES_JULIO_2026;Innovaciones;Innovaciones julio 2026;Sidra Dadá;PRODUCTO_EXPLICITO;pptx_julio_2026;descripcion/marca coincide con 'Sidra Dadá';Lista cerrada del PPTX julio.
CAT_INNOVACIONES_JULIO_2026;Innovaciones;Innovaciones julio 2026;NC Lata;PRODUCTO_EXPLICITO;pptx_julio_2026;descripcion/marca coincide con 'NC Lata';Lista cerrada del PPTX julio.
CAT_INNOVACIONES_JULIO_2026;Innovaciones;Innovaciones julio 2026;Don David Red Blend;PRODUCTO_EXPLICITO;pptx_julio_2026;descripcion/marca coincide con 'Don David Red Blend';Lista cerrada del PPTX julio.
CAT_INNOVACIONES_JULIO_2026;Innovaciones;Innovaciones julio 2026;Blend de Extremos Pinot Noir;PRODUCTO_EXPLICITO;pptx_julio_2026;descripcion/marca coincide con 'Blend de Extremos Pinot Noir';Lista cerrada del PPTX julio.
CAT_INNOVACIONES_JULIO_2026;Innovaciones;Innovaciones julio 2026;Dadá Extra Brut;PRODUCTO_EXPLICITO;pptx_julio_2026;descripcion/marca coincide con 'Dadá Extra Brut';Lista cerrada del PPTX julio.
CAT_INNOVACIONES_JULIO_2026;Innovaciones;Innovaciones julio 2026;Espumante Medalla;PRODUCTO_EXPLICITO;pptx_julio_2026;descripcion/marca coincide con 'Espumante Medalla';Lista cerrada del PPTX julio.
CAT_ESPUMANTES_PLANES_AASS;Espumantes;Espumantes Planes/Volumen;Suter;MARCA_EXPLICITA;pptx_julio_2026;marca = 'Suter' AND categoria = 'ESPUMANTES';Aplica en Planes AASS y Petit Mayoristas según regla.
CAT_ESPUMANTES_PLANES_AASS;Espumantes;Espumantes Planes/Volumen;San Telmo;MARCA_EXPLICITA;pptx_julio_2026;marca = 'San Telmo' AND categoria = 'ESPUMANTES';Aplica en Planes AASS y Petit Mayoristas según regla.
CAT_ESPUMANTES_PLANES_AASS;Espumantes;Espumantes Planes/Volumen;Dadá;MARCA_EXPLICITA;pptx_julio_2026;marca = 'Dadá' AND categoria = 'ESPUMANTES';Aplica en Planes AASS y Petit Mayoristas según regla.
CAT_PLANES_AASS_EXCLUSIONES;Planes AASS - Exclusiones;Sin descuento en Planes AS;Vinos de Mesa;EXCLUSION;pptx_julio_2026;excluir si segmento/categoria coincide con 'Vinos de Mesa';No aplicar descuento de planes AASS.
CAT_PLANES_AASS_EXCLUSIONES;Planes AASS - Exclusiones;Sin descuento en Planes AS;Masivos;EXCLUSION;pptx_julio_2026;excluir si segmento/categoria coincide con 'Masivos';No aplicar descuento de planes AASS.
CAT_PLANES_AASS_EXCLUSIONES;Planes AASS - Exclusiones;Sin descuento en Planes AS;Ultra Premium (Vinos);EXCLUSION;pptx_julio_2026;excluir si segmento/categoria coincide con 'Ultra Premium (Vinos)';No aplicar descuento de planes AASS.
CAT_PLANES_AASS_EXCLUSIONES;Planes AASS - Exclusiones;Sin descuento en Planes AS;Super Premium (Spirits);EXCLUSION;pptx_julio_2026;excluir si segmento/categoria coincide con 'Super Premium (Spirits)';No aplicar descuento de planes AASS.
CAT_PLANES_AASS_EXCLUSIONES;Planes AASS - Exclusiones;Sin descuento en Planes AS;Premium (Spirits);EXCLUSION;pptx_julio_2026;excluir si segmento/categoria coincide con 'Premium (Spirits)';No aplicar descuento de planes AASS.
CAT_PLANES_AASS_EXCLUSIONES;Planes AASS - Exclusiones;Sin descuento en Planes AS;Standard solo JW Red;EXCLUSION;pptx_julio_2026;excluir si segmento/categoria coincide con 'Standard solo JW Red';No aplicar descuento de planes AASS.
CAT_MIX_ARBOLES_TRAPICHE;Caja mixta VDA - Los Árboles + Trapiche;Caja mixta 3+3 (20%);Los Árboles;MARCA_EXPLICITA;nota_gerencia_julio_2026;marca = 'Los Arboles' AND categoria = 'VDA';3 botellas de Los Árboles en la caja mixta al 20%.
CAT_MIX_ARBOLES_TRAPICHE;Caja mixta VDA - Los Árboles + Trapiche;Caja mixta 3+3 (20%);Trapiche Reserva;MARCA_EXPLICITA;nota_gerencia_julio_2026;marca = 'Trapiche Reserva' AND categoria = 'VDA';3 botellas de Trapiche Reserva en la caja mixta al 20%.
CAT_MIX_SMIRNOFF_GORDONS;Caja mixta Spirits - Smirnoff + Gordon's;Caja mixta 3+3 (15%);Smirnoff;FAMILIA;nota_gerencia_julio_2026;familia Smirnoff AND categoria SPIRITS (excluye Ice/RTD);3 botellas de Smirnoff en la caja mixta al 15%.
CAT_MIX_SMIRNOFF_GORDONS;Caja mixta Spirits - Smirnoff + Gordon's;Caja mixta 3+3 (15%);Gordon's;FAMILIA;nota_gerencia_julio_2026;familia Gordons AND categoria SPIRITS;3 botellas de Gordons en la caja mixta al 15%.
