tipo,accion_a,accion_b,vendedores_comunes,canales_comunes,productos_comunes,categorias_comunes,descuentos,ambas_no_acumulables,estado
DIRECTA,ACJ26-001,ACJ26-003,V10|V3|V4|V6|V7|V8|V9,AUTOSERVICIO,ESPUMANTES|SEGÚN MAESTRO PRODUCTOS ACTIVOS|SIDRA|VDA|VDG,ESPUMANTES|SIDRA|VDA|VDG,5|7|8 vs 8|10,True,PENDIENTE_VALIDACION
DIRECTA,ACJ26-001,ACJ26-010,V10|V3|V4|V6|V7|V8|V9,AUTOSERVICIO,SEGÚN MAESTRO PRODUCTOS ACTIVOS|VDA,VDA,5|7|8 vs 10,True,PENDIENTE_VALIDACION
SEMANTICA_LINEA_MARCA,ACJ26-001,ACJ26-012,V10|V3|V4|V6|V7|V8|V9,AUTOSERVICIO,,SIDRA|VDA,5|7|8 vs 7,True,PENDIENTE_VALIDACION
DIRECTA,ACJ26-001,ACJ26-014,V10|V3|V4|V6|V7|V8|V9,AUTOSERVICIO,SEGÚN MAESTRO PRODUCTOS ACTIVOS|VDA,VDA,5|7|8 vs 12|15,True,PENDIENTE_VALIDACION
SEMANTICA_LINEA_MARCA,ACJ26-001,ACJ26-016,V10|V3|V4|V6|V7|V8|V9,AUTOSERVICIO,,SIDRA|VDA,5|7|8 vs 10,True,PENDIENTE_VALIDACION
SEMANTICA_LINEA_MARCA,ACJ26-001,ACJ26-026,V10|V3|V4|V6|V7|V8|V9,AUTOSERVICIO,,VDA,5|7|8 vs ,True,PENDIENTE_VALIDACION
SEMANTICA_LINEA_MARCA,ACJ26-002,ACJ26-017,V3|V4|V6,TRADICIONAL,,VDA,5|8 vs 30,True,PENDIENTE_VALIDACION
SEMANTICA_LINEA_MARCA,ACJ26-002,ACJ26-018,V10|V3|V4|V6|V7|V8|V9,ON_PREMISE,,VDA,5|8 vs ,True,PENDIENTE_VALIDACION
SEMANTICA_LINEA_MARCA,ACJ26-002,ACJ26-019,V10|V3|V4|V6|V7|V8|V9,ON_PREMISE,,VDA,5|8 vs ,True,PENDIENTE_VALIDACION
DIRECTA,ACJ26-003,ACJ26-010,V10|V3|V4|V6|V7|V8|V9,AUTOSERVICIO,SEGÚN MAESTRO PRODUCTOS ACTIVOS|VDA,VDA,8|10 vs 10,True,PENDIENTE_VALIDACION
SEMANTICA_LINEA_MARCA,ACJ26-003,ACJ26-012,V10|V3|V4|V6|V7|V8|V9,AUTOSERVICIO,,SIDRA|VDA,8|10 vs 7,True,PENDIENTE_VALIDACION
DIRECTA,ACJ26-003,ACJ26-014,V10|V3|V4|V6|V7|V8|V9,AUTOSERVICIO,SEGÚN MAESTRO PRODUCTOS ACTIVOS|VDA,VDA,8|10 vs 12|15,True,PENDIENTE_VALIDACION
SEMANTICA_LINEA_MARCA,ACJ26-003,ACJ26-016,V10|V3|V4|V6|V7|V8|V9,AUTOSERVICIO,,SIDRA|VDA,8|10 vs 10,True,PENDIENTE_VALIDACION
SEMANTICA_LINEA_MARCA,ACJ26-003,ACJ26-026,V10|V3|V4|V6|V7|V8|V9,AUTOSERVICIO|VTK_TDB,,VDA,8|10 vs ,True,PENDIENTE_VALIDACION
SEMANTICA_LINEA_MARCA,ACJ26-004,ACJ26-007,V10|V3|V4|V6|V7|V8|V9,AUTOSERVICIO|VTK_TDB,,RTD,5 vs 5,True,PENDIENTE_VALIDACION
SEMANTICA_LINEA_MARCA,ACJ26-004,ACJ26-011,V10|V3|V4|V6|V7|V8|V9,AUTOSERVICIO,,RTD,5 vs 10,True,PENDIENTE_VALIDACION
SEMANTICA_LINEA_MARCA,ACJ26-004,ACJ26-015,V10|V3|V4|V6|V7|V8|V9,AUTOSERVICIO,,RTD,5 vs 12|15,True,PENDIENTE_VALIDACION
SEMANTICA_LINEA_MARCA,ACJ26-005,ACJ26-007,V10|V3|V4|V6|V7|V8|V9,KIOSCO|ON_PREMISE|TRADICIONAL,,RTD,5 vs 5,True,PENDIENTE_VALIDACION
SEMANTICA_LINEA_MARCA,ACJ26-005,ACJ26-009,V10|V3|V4|V6|V7|V8|V9,ON_PREMISE,,RTD,5 vs ,True,PENDIENTE_VALIDACION
DIRECTA,ACJ26-006,ACJ26-007,V10|V3|V4|V6|V7|V8|V9,AUTOSERVICIO|KIOSCO|ON_PREMISE|TRADICIONAL|VTK_TDB,SMIRNOFF|SMIRNOFF BC,SPIRITS,5|15 vs 5,True,PENDIENTE_VALIDACION
DIRECTA,ACJ26-006,ACJ26-009,V10|V3|V4|V6|V7|V8|V9,ON_PREMISE,SMIRNOFF,SPIRITS,5|15 vs ,True,PENDIENTE_VALIDACION
DIRECTA,ACJ26-006,ACJ26-011,V10|V3|V4|V6|V7|V8|V9,AUTOSERVICIO,GORDONS|SMIRNOFF,SPIRITS,5|15 vs 10,True,PENDIENTE_VALIDACION
DIRECTA,ACJ26-006,ACJ26-015,V10|V3|V4|V6|V7|V8|V9,AUTOSERVICIO,GORDONS|SMIRNOFF,SPIRITS,5|15 vs 12|15,True,PENDIENTE_VALIDACION
DIRECTA,ACJ26-006,ACJ26-025,V10|V3|V4|V6|V7|V8|V9,AUTOSERVICIO|VTK_TDB,ANTARES,,5|15 vs ,True,PENDIENTE_VALIDACION
DIRECTA,ACJ26-007,ACJ26-009,V10|V3|V4|V6|V7|V8|V9,ON_PREMISE,SMIRNOFF,RTD|SPIRITS,5 vs ,True,PENDIENTE_VALIDACION
DIRECTA,ACJ26-007,ACJ26-011,V10|V3|V4|V6|V7|V8|V9,AUTOSERVICIO,SMIRNOFF,RTD|SPIRITS,5 vs 10,True,PENDIENTE_VALIDACION
DIRECTA,ACJ26-007,ACJ26-015,V10|V3|V4|V6|V7|V8|V9,AUTOSERVICIO,SMIRNOFF,RTD|SPIRITS,5 vs 12|15,True,PENDIENTE_VALIDACION
SEMANTICA_LINEA_MARCA,ACJ26-010,ACJ26-012,V10|V3|V4|V6|V7|V8|V9,AUTOSERVICIO,,VDA,10 vs 7,True,PENDIENTE_VALIDACION
DIRECTA,ACJ26-010,ACJ26-014,V10|V3|V4|V6|V7|V8|V9,AUTOSERVICIO,SEGÚN MAESTRO PRODUCTOS ACTIVOS|VDA,VDA,10 vs 12|15,True,PENDIENTE_VALIDACION
SEMANTICA_LINEA_MARCA,ACJ26-010,ACJ26-016,V10|V3|V4|V6|V7|V8|V9,AUTOSERVICIO,,VDA,10 vs 10,True,PENDIENTE_VALIDACION
SEMANTICA_LINEA_MARCA,ACJ26-010,ACJ26-026,V10|V3|V4|V6|V7|V8|V9,AUTOSERVICIO,,VDA,10 vs ,True,PENDIENTE_VALIDACION
DIRECTA,ACJ26-011,ACJ26-015,V10|V3|V4|V6|V7|V8|V9,AUTOSERVICIO,FLIA GORDONS|FLIA SMIRNOFF|GORDONS|SMIRNOFF,RTD|SPIRITS,10 vs 12|15,True,PENDIENTE_VALIDACION
SEMANTICA_LINEA_MARCA,ACJ26-012,ACJ26-014,V10|V3|V4|V6|V7|V8|V9,AUTOSERVICIO,,VDA,7 vs 12|15,True,PENDIENTE_VALIDACION
DIRECTA,ACJ26-012,ACJ26-016,V10|V3|V4|V6|V7|V8|V9,AUTOSERVICIO,DADA|SAN TELMO|SUTER,SIDRA|VDA,7 vs 10,True,PENDIENTE_VALIDACION
DIRECTA,ACJ26-012,ACJ26-026,V10|V3|V4|V6|V7|V8|V9,AUTOSERVICIO,DADA,VDA,7 vs ,True,PENDIENTE_VALIDACION
SEMANTICA_LINEA_MARCA,ACJ26-014,ACJ26-016,V10|V3|V4|V6|V7|V8|V9,AUTOSERVICIO|MAYORISTA,,VDA,12|15 vs 10,True,PENDIENTE_VALIDACION
SEMANTICA_LINEA_MARCA,ACJ26-014,ACJ26-026,V10|V3|V4|V6|V7|V8|V9,AUTOSERVICIO,,VDA,12|15 vs ,True,PENDIENTE_VALIDACION
DIRECTA,ACJ26-016,ACJ26-026,V10|V3|V4|V6|V7|V8|V9,AUTOSERVICIO,DADA,VDA,10 vs ,True,PENDIENTE_VALIDACION
DIRECTA,ACJ26-018,ACJ26-019,V10|V3|V4|V6|V7|V8|V9,ON_PREMISE,ALMA MORA,VDA, vs ,True,PENDIENTE_VALIDACION
DIRECTA,ACJ26-022,ACJ26-023,V10|V3|V4|V6|V7|V8|V9,AUTOSERVICIO,11 TITULARES|11 TITULARES POR SEGMENTO,, vs ,False,PENDIENTE_VALIDACION
