Codigo,Categoria,Segmento,Linea Comercial,Lts x caja,UxC
14605,Vinos de Mesa,Vinos de Mesa,Termidor Brik,12.0,12
14516,Vinos de Mesa,Vinos de Mesa,Termidor Brik,12.0,12
14606,Vinos de Mesa,Vinos de Mesa,Termidor Brik,12.0,12
14578,Vinos de Mesa,Vinos de Mesa,Termidor Brik,12.0,12
20250,Vinos del año,Medio,Varietales Suter,4.5,6
20251,Vinos del año,Medio,Varietales Suter,4.5,6
20255,Vinos del año,Medio,Varietales Suter,4.5,6
20301,Vinos del año,Medio,Etiqueta Marron Suter,4.5,6
80002,Vinos del año,Medio,San Telmo,4.5,6
80004,Vinos del año,Medio,San Telmo,4.5,6
14583,RTD,RTD,Frizze,6.0,6
14620,RTD,RTD,Frizze,6.0,6
14619,RTD,RTD,Frizze,6.0,6
14594,RTD,RTD,Frizze,11.352,24
70750,Vinos del año,Medio Alto,Alaris,4.5,6
70751,Vinos del año,Medio Alto,Alaris,4.5,6
71704,Vinos del año,Medio Alto,Alaris,4.5,6
71716,Vinos del año,Medio Alto,Alaris,4.5,6
71706,Vinos del año,Medio Alto,Alaris,4.5,6
72541,Vinos del año,Medio Alto,Alaris,4.5,6
74058,Vinos del año,Medio Alto,Alaris,4.5,6
74263,Vinos del año,Medio Alto,Alaris,4.5,6
74188,Vinos del año,Medio Alto,Alaris,4.5,6
74478,Vinos del año,Medio Alto,Alaris,4.5,6
72857,Vinos del año,Medio Alto,Finca Las Moras,4.5,6
72858,Vinos del año,Medio Alto,Finca Las Moras,4.5,6
72859,Vinos del año,Medio Alto,Finca Las Moras,4.5,6
74735,Vinos del año,Medio Alto,Finca Las Moras,4.5,6
74167,Vinos del año,Medio Alto,Finca Las Moras,4.5,6
74509,Vinos del año,Medio Alto,Finca Las Moras,4.5,6
74510,Vinos del año,Medio Alto,Finca Las Moras,4.5,6
80007,Vinos del año,Medio Alto,Los Arboles,4.5,6
80008,Vinos del año,Medio Alto,Los Arboles,4.5,6
80010,Vinos del año,Medio Alto,Los Arboles,4.5,6
80089,Vinos del año,Medio Alto,Los Arboles,4.5,6
74814,Vinos del año,Alto,El Cazador,4.5,6
74815,Vinos del año,Alto,El Cazador,4.5,6
74816,Vinos del año,Alto,El Cazador,4.5,6
14507,Vinos del año,Medio Alto,El Bautismo,4.5,6
14508,Vinos del año,Medio Alto,El Bautismo,4.5,6
14509,Vinos del año,Medio Alto,El Bautismo,4.5,6
74786,Vinos del año,Medio Alto,El Bautismo,4.5,6
74726,Vinos del año,Alto,Origen By Trapiche,4.5,6
74727,Vinos del año,Alto,Origen By Trapiche,4.5,6
42101,Vinos del año,Alto,ELEMENTOS,4.5,6
42102,Vinos del año,Alto,ELEMENTOS,4.5,6
44395,Vinos del año,Alto,ELEMENTOS,4.5,6
42103,Vinos del año,Alto,ELEMENTOS,4.5,6
42104,Vinos del año,Alto,ELEMENTOS,4.5,6
42105,Vinos del año,Alto,ELEMENTOS,4.5,6
42107,Vinos del año,Alto,ELEMENTOS,4.5,6
42113,Vinos del año,Alto,ELEMENTOS,4.5,6
44314,Vinos del año,Alto,ELEMENTOS,4.5,6
74208,Vinos del año,Alto,Alma Mora,4.5,6
74209,Vinos del año,Alto,Alma Mora,4.5,6
74210,Vinos del año,Alto,Alma Mora,4.5,6
74211,Vinos del año,Alto,Alma Mora,4.5,6
74827,Vinos del año,Alto,Alma Mora,4.5,6
74397,Vinos del año,Alto,Alma Mora,4.5,6
74398,Vinos del año,Alto,Alma Mora,4.5,6
74437,Vinos del año,Alto,Alma Mora,4.5,6
74438,Vinos del año,Alto,Alma Mora,4.5,6
74736,Vinos del año,Alto,Alma Mora,4.5,6
74393,Vinos del año,Alto,Dada,4.5,6
74748,Vinos del año,Alto,Dada,4.5,6
74394,Vinos del año,Alto,Dada,4.5,6
74395,Vinos del año,Alto,Dada,4.5,6
74504,Vinos del año,Alto,Dada,4.5,6
74505,Vinos del año,Alto,Dada,4.5,6
74569,Vinos del año,Alto,Dada,4.5,6
74636,Vinos del año,Alto,Dada,4.5,6
74714,Vinos del año,Alto,Dada,4.5,6
74722,Vinos del año,Alto,FINCA LAS MORAS FFL,4.5,6
74721,Vinos del año,Alto,FINCA LAS MORAS FFL,4.5,6
41681,Vinos del año,Superior,Don David,4.5,6
41682,Vinos del año,Superior,Don David,4.5,6
42376,Vinos del año,Superior,Don David,4.5,6
41687,Vinos del año,Superior,Don David,4.5,6
42373,Vinos del año,Superior,Don David,4.5,6
42374,Vinos del año,Superior,Don David,4.5,6
42375,Vinos del año,Superior,Don David,4.5,6
44389,Vinos del año,Superior,Don David,4.5,6
70201,Vinos del año,Superior,Fond de Cave,4.5,6
70202,Vinos del año,Superior,Fond de Cave,4.5,6
74146,Vinos del año,Superior,Fond de Cave,4.5,6
74147,Vinos del año,Superior,Fond de Cave,4.5,6
74415,Vinos del año,Superior,Trapiche Reserva,4.5,6
74419,Vinos del año,Superior,Trapiche Reserva,4.5,6
74737,Vinos del año,Superior,Trapiche Reserva,4.5,6
74420,Vinos del año,Superior,Trapiche Reserva,4.5,6
74421,Vinos del año,Superior,Trapiche Reserva,4.5,6
74422,Vinos del año,Superior,Trapiche Reserva,4.5,6
74750,Vinos de guarda,Premium,Tesoro,4.5,6
74608,Vinos del año,Superior,Alma Mora Rva,4.5,6
74609,Vinos del año,Superior,Alma Mora Rva,4.5,6
74610,Vinos del año,Superior,Alma Mora Rva,4.5,6
74611,Vinos del año,Superior,Alma Mora Rva,4.5,6
80015,Vinos del año,Superior,Coleccion Privada,4.5,6
80018,Vinos del año,Superior,Coleccion Privada,4.5,6
80020,Vinos del año,Superior,Coleccion Privada,4.5,6
80022,Vinos del año,Superior,Coleccion Privada,4.5,6
80025,Vinos del año,Superior,Coleccion Privada,4.5,6
51943,Vinos de guarda,Premium,La Mascota,4.5,6
51945,Vinos de guarda,Premium,La Mascota,4.5,6
51946,Vinos de guarda,Premium,La Mascota,4.5,6
54017,Vinos de guarda,Premium,La Mascota,4.5,6
74376,Vinos de guarda,Premium,Paz de Finca las Moras,4.5,6
74377,Vinos de guarda,Premium,Paz de Finca las Moras,4.5,6
74378,Vinos de guarda,Premium,Paz de Finca las Moras,4.5,6
74402,Vinos de guarda,Premium,Paz de Finca las Moras,4.5,6
72867,Vinos de guarda,Premium,Fond de Cave Reserva,4.5,6
74053,Vinos de guarda,Premium,Fond de Cave Reserva,3.0,6
74117,Vinos de guarda,Premium,Fond de Cave Reserva,4.5,6
74118,Vinos de guarda,Premium,Fond de Cave Reserva,4.5,6
74140,Vinos de guarda,Premium,Fond de Cave Reserva,4.5,6
74144,Vinos de guarda,Premium,Fond de Cave Reserva,4.5,6
74414,Vinos de guarda,Premium,Fond de Cave Reserva,3.0,6
74443,Vinos de guarda,Premium,Fond de Cave Reserva,4.5,6
44296,Vinos de guarda,Premium,Don David Rva,4.5,6
44297,Vinos de guarda,Premium,Don David Rva,4.5,6
44326,Vinos de guarda,Premium,Don David Rva,4.5,6
44360,Vinos de guarda,Premium,Don David Rva,4.5,6
80030,Vinos de guarda,Premium,NC Reserva,4.5,6
80031,Vinos de guarda,Premium,NC Reserva,4.5,6
80032,Vinos de guarda,Premium,NC Reserva,4.5,6
74555,Vinos de guarda,Premium,Puro-Impuro,4.5,6
74556,Vinos de guarda,Premium,Puro-Impuro,4.5,6
74662,Vinos de guarda,Premium,Puro-Impuro,4.5,6
74663,Vinos de guarda,Premium,Puro-Impuro,4.5,6
74664,Vinos de guarda,Premium,Puro-Impuro,4.5,6
74570,Vinos de guarda,Premium,Los Intocables,4.5,6
74749,Vinos de guarda,Premium,Los Intocables,4.5,6
74583,Vinos de guarda,Premium,Los Intocables,4.5,6
74651,Vinos de guarda,Premium,Los Intocables,4.5,6
74684,Vinos de guarda,Premium,Los Intocables,4.5,6
74715,Vinos de guarda,Premium,Los Intocables,4.5,6
44367,Vinos de guarda,Premium,Blend de Extremos,4.5,6
44396,Vinos de guarda,Premium,Blend de Extremos,4.5,6
44368,Vinos de guarda,Premium,Blend de Extremos,4.5,6
44372,Vinos de guarda,Premium,Blend de Extremos,4.5,6
44373,Vinos de guarda,Premium,Blend de Extremos,4.5,6
54019,Vinos de guarda,Premium,La Mascota,4.5,6
70343,Vinos de guarda,Super Premium,Medalla,4.5,6
74520,Vinos de guarda,Super Premium,Medalla,4.5,6
74521,Vinos de guarda,Super Premium,Medalla,4.5,6
74522,Vinos de guarda,Super Premium,Medalla,4.5,6
74246,Vinos de guarda,Super Premium,Fond de Cave Gran Reserva,4.5,6
74248,Vinos de guarda,Super Premium,Fond de Cave Gran Reserva,4.5,6
74413,Vinos de guarda,Super Premium,Fond de Cave Gran Reserva,4.5,6
54011,Vinos de guarda,Super Premium,Gran Mascota,4.5,6
54015,Vinos de guarda,Super Premium,Gran Mascota,4.5,6
44288,Vinos de guarda,Super Premium,El Esteco,4.5,6
44289,Vinos de guarda,Super Premium,El Esteco,4.5,6
44354,Vinos de guarda,Super Premium,El Esteco,3.0,4
44355,Vinos de guarda,Super Premium,El Esteco,3.0,4
44357,Vinos de guarda,Super Premium,El Esteco,3.0,6
80034,Vinos de guarda,Super Premium,Alegoria,4.5,6
80036,Vinos de guarda,Super Premium,Alegoria,4.5,6
80037,Vinos de guarda,Super Premium,Alegoria,4.5,6
44320,Vinos de guarda,Super Premium,El Esteco Old Vines,4.5,6
44321,Vinos de guarda,Super Premium,El Esteco Old Vines,4.5,6
44322,Vinos de guarda,Super Premium,El Esteco Old Vines,4.5,6
44323,Vinos de guarda,Super Premium,El Esteco Old Vines,4.5,6
74025,Vinos de guarda,Ultra Premium,Mora Negra,4.5,6
41080,Vinos de guarda,Ultra Premium,Fincas Notables,4.5,6
41082,Vinos de guarda,Ultra Premium,Fincas Notables,4.5,6
41084,Vinos de guarda,Ultra Premium,Fincas Notables,4.5,6
44307,Vinos de guarda,Ultra Premium,Fincas Notables,4.5,6
44358,Vinos de guarda,Ultra Premium,Fincas Notables,4.5,6
54022,Vinos de guarda,Ultra Premium,Unánime,4.5,6
54040,Vinos de guarda,Ultra Premium,Unánime,4.5,6
74054,Vinos de guarda,Ultra Premium,Gran Medalla,4.5,6
74238,Vinos de guarda,Ultra Premium,Gran Medalla,4.5,6
74656,Vinos de guarda,Ultra Premium,Gran Medalla,4.5,6
74658,Vinos de guarda,Ultra Premium,Gran Medalla,4.5,6
74170,Vinos de guarda,Ultra Premium,Las Moras Gran Syrah,4.5,6
20500,Espumantes,Champaña Medio,Champaña suter,4.5,6
20505,Espumantes,Champaña Medio,Champaña suter,4.5,6
80093,Espumantes,Champaña Medio,Champaña San Telmo,4.5,6
80092,Espumantes,Champaña Medio,Champaña San Telmo,4.5,6
54035,Espumantes,Champaña Alta y Premium,Espumante Mascota Vineyards,4.5,6
74830,Sidra,Premium,DADA Sidra,4.5,6
74446,Espumantes,Champaña Alta y Premium,Champaña Dada,4.5,6
74813,Espumantes,Champaña Alta y Premium,Champaña Dada,4.5,6
74728,Espumantes,Champaña Alta y Premium,Champaña Dada,4.5,6
74473,Espumantes,Champaña Alta y Premium,Champaña Dada,4.5,6
74567,Espumantes,Champaña Alta y Premium,Champaña Dada,4.5,6
74568,Espumantes,Champaña Alta y Premium,Champaña Dada,4.5,6
74709,Espumantes,Champaña Alta y Premium,Champaña Dada,8.52,24
74710,Espumantes,Champaña Alta y Premium,Champaña Dada,8.52,24
44365,Espumantes,Champaña Alta y Premium,El Esteco,3.0,4
74551,Espumantes,Champaña Alta y Premium,Espumante Costa&Pampa,4.5,6
74552,Espumantes,Champaña Alta y Premium,Espumante Costa&Pampa,4.5,6
80045,Espumantes,Champaña Alta y Premium,NC Espumantes,4.5,6
80046,Espumantes,Champaña Alta y Premium,NC Espumantes,4.5,6
80048,Espumantes,Champaña Alta y Premium,NC Espumantes,4.5,6
80094,Espumantes,Champaña Alta y Premium,NC Espumantes,8.52,24
80050,Espumantes,Champaña Alta y Premium,NC Espumantes,4.5,6
35103,RTD (S),RTD (S),Smirnoff Ice,11.352,24
35104,RTD (S),RTD (S),Smirnoff Ice Flavours,11.352,24
35105,RTD (S),RTD (S),Smirnoff Ice Flavours,11.352,24
35107,RTD (S),RTD (S),Gordon´s,11.352,24
35109,RTD (S),RTD (S),Smirnoff Bitter Citric RTD,11.352,24
35108,RTD (S),RTD (S),Smirnoff Bitter Citric RTD,11.352,24
30010,Spirits,Nacional,J&B Rare,9.0,12
30001,Spirits,Nacional,JW,9.0,12
30002,Spirits,Nacional,JW,12.0,12
30019,Spirits,Nacional,Smirnoff,8.399999999999999,12
30020,Spirits,Nacional,Smirnoff,4.199999999999999,6
30022,Spirits,Nacional,Smirnoff,4.199999999999999,6
30065,Spirits,Nacional,Smirnoff,4.199999999999999,6
30131,Spirits,Nacional,Smirnoff,4.199999999999999,6
30135,Spirits,Nacional,Smirnoff Flavors,4.199999999999999,6
30023,Spirits,Nacional,White Horse,9.0,12
30075,Spirits,Nacional,Gordon´s,4.199999999999999,6
30139,Spirits,Nacional,Gordon's Flavors,4.199999999999999,6
30134,Spirits,Nacional,Gordon's Flavors,4.199999999999999,6
30012,Spirits,Importados,Baileys,9.0,12
30129,Spirits,Importados,Baileys Flavours,9.0,12
30003,Spirits,Importados,JW,9.0,12
30004,Spirits,Importados,JW,12.0,12
30005,Spirits,Importados,JW,4.5,6
30016,Spirits,Importados,Ketel One,9.0,12
30130,Spirits,Importados,Tanqueray,4.2,6
30140,Spirits,Importados,Tanqueray Flavours,4.2,6
30128,Spirits,Importados,TANQUERAY FLAVORS,4.2,6
30018,Spirits,Importados,Zacapa Centenario 23,4.5,6
30048,Spirits,Importados,Old Parr,9.0,12
30076,Spirits,Importados,Buchanan's,9.0,12
30077,Spirits,Importados,Sheridan¨s,4.5,6
30138,Spirits,Importados,JW,4.5,6
30066,Spirits,Importados,JW,4.5,6
30029,Spirits,Importados,JW,4.5,6
30009,Spirits,Importados,JW,4.5,6
30054,Spirits,Importados,Zacapa Centenario 23,4.5,6
30031,Spirits,Importados,Cardhu,4.199999999999999,6
30087,Spirits,Importados,Singleton,4.199999999999999,6
30088,Spirits,Importados,Singleton,4.199999999999999,6
30089,Spirits,Importados,Singleton,4.199999999999999,6
30032,Spirits,Importados,Talisker,4.5,6
30033,Spirits,Importados,Caol Ila,4.5,6
30043,Spirits,Importados,Glen Elgin,4.5,6
30049,Spirits,Importados,Clynelish,4.5,6
30052,Spirits,Importados,Cragganmore,4.5,6
30058,Spirits,Importados,Bulleit,4.199999999999999,6
30136,Spirits,Importados,Bulleit,9.0,12
60001,Cerveza Artesanal,Cerveza Artesanal,Antares Clasicas,2.838,6
60019,Cerveza Artesanal,Cerveza Artesanal,Antares Clasicas,2.838,6
60018,Cerveza Artesanal,Cerveza Artesanal,Cerveza Lager,2.838,6
60002,Cerveza Artesanal,Cerveza Artesanal,Antares Clasicas,2.838,6
60015,Cerveza Artesanal,Cerveza Artesanal,Antares Clasicas,2.838,6
60020,Cerveza Artesanal,Cerveza Artesanal,Antares Especiales,2.838,6
60017,Cerveza Artesanal,Cerveza Artesanal,Antares Especiales,2.838,6
60007,Cerveza Artesanal,Cerveza Artesanal,Antares Especiales,2.838,6
60008,Cerveza Artesanal,Cerveza Artesanal,Antares Especiales,2.838,6
60021,Cerveza Artesanal,Cerveza Artesanal,Cerveza Lager,1.98,6
74884,RTD,RTD,Dada Tinto de Verano,8.52,24
60022,Cerveza Artesanal,Cerveza Artesanal,Cerveza Lager,3.96,6
20305,Vinos del año,Medio,Etiqueta Marron Suter,4.5,6
90105,Vermouth,Vermouth,Cinzano,12.0,12
90106,Vermouth,Vermouth,Cinzano,12.0,12
90110,Vermouth,Vermouth,Cinzano,4.5,6
30268,Cerveza Artesanal,Cerveza Artesanal,Antares Especiales,2.838,6
30275,Cerveza Artesanal,Cerveza Artesanal,Antares Especiales,2.838,6
30329,Cerveza Artesanal,Cerveza Artesanal,Antares Clasicas,2.838,6
30343,Cerveza Artesanal,Cerveza Artesanal,Antares Clasicas,2.838,6
14590,Vinos de Mesa,Vinos de Mesa,Termidor Brik,12.0,12
80003,Vinos del año,Medio,San Telmo,4.5,6
14554,Vinos del año,Alto,,4.5,6
80077,Espumantes,Champaña Alta y Premium,,4.5,6
